regionName,countryCode,nameType,parentCode,year1,year2,year3,year4,year5,year6,year7,year8,year9,year10,year11,year12,year13,year14,year15,year16,year17,year18,year19,year20,year21,year22,year23,year24,year25,year26,year27,year28,year29,year30
WORLD,900,World,0,46.96,49.37,51.18,55.43,58.09,60.27,62.07,63.71,64.56,65.63,67.05,68.92,70.88,72.28,73.16,73.99,74.79,75.49,76.15,76.77,77.35,77.9,78.41,78.91,79.39,79.85,80.31,80.78,81.24,81.7
UN development groups,1803,Label/Separator,900,...,...,...,...,...,...,...,...,...,...,...,...,...,...,...,...,...,...,...,...,...,...,...,...,...,...,...,...,...,...
More developed regions,901,Development Group,1803,64.83,67.73,69.49,70.33,71.13,72.02,72.86,73.95,74.16,74.8,75.6,76.93,78.43,79.24,79.87,80.6,81.42,82.11,82.78,83.44,84.06,84.66,85.26,85.87,86.48,87.07,87.64,88.18,88.71,89.25
Less developed regions,902,Development Group,1803,41.67,44.08,46.18,51.51,54.81,57.41,59.52,61.35,62.48,63.72,65.25,67.14,69.14,70.7,71.68,72.6,73.46,74.24,74.97,75.65,76.28,76.86,77.4,77.92,78.41,78.89,79.35,79.82,80.29,80.76
Least developed countries,941,Development Group,902,36.27,38.76,41.02,43.16,44.22,45.8,48.83,50.76,51.5,53.6,56.05,59.33,62.44,64.66,66.11,67.4,68.56,69.6,70.55,71.43,72.23,72.97,73.65,74.3,74.91,75.49,76.05,76.61,77.16,77.72
"Less developed regions, excluding least developed countries",934,Development Group,902,42.47,44.87,46.94,52.79,56.51,59.38,61.39,63.2,64.5,65.67,67.07,68.71,70.51,71.95,72.87,73.73,74.53,75.28,75.98,76.65,77.27,77.86,78.42,78.96,79.48,79.99,80.48,80.97,81.46,81.95
"Less developed regions, excluding China",948,Development Group,1803,40.71,44.07,47.02,49.77,52.08,54.62,56.85,58.75,60.26,61.66,63.24,65.33,67.52,69.07,70.15,71.14,72.06,72.88,73.64,74.36,75.02,75.64,76.22,76.77,77.31,77.83,78.34,78.85,79.34,79.84
Land-locked Developing Countries (LLDC),1636,Special other,1803,38.7,41.2,43.73,45.85,47.71,49.34,50.91,52.56,51.58,53.06,55,58.72,62.81,65.23,66.68,67.95,69.07,70.08,70.99,71.82,72.59,73.31,74.01,74.67,75.31,75.93,76.54,77.15,77.75,78.36
Small Island Developing States (SIDS),1637,Special other,1803,49.1,52.68,55.58,58.1,60.3,61.88,63.61,64.98,66.06,67.33,68.53,69.84,71,72.12,73.04,73.96,74.84,75.56,76.19,76.74,77.24,77.72,78.16,78.6,79.04,79.46,79.88,80.29,80.71,81.15
World Bank income groups,1802,Label/Separator,900,...,...,...,...,...,...,...,...,...,...,...,...,...,...,...,...,...,...,...,...,...,...,...,...,...,...,...,...,...,...
High-income countries,1503,Income Group,1802,64.88,67.35,68.71,69.69,70.88,72.31,73.62,74.76,75.79,76.95,78.16,79.31,80.29,80.87,81.46,82.14,82.91,83.54,84.14,84.72,85.28,85.83,86.37,86.92,87.45,87.97,88.5,89.01,89.53,90.04
Middle-income countries,1517,Income Group,1802,43.32,45.75,47.79,53.18,56.39,58.9,60.91,62.75,63.76,64.87,66.21,67.98,69.95,71.43,72.35,73.22,74.04,74.8,75.52,76.21,76.85,77.46,78.03,78.58,79.11,79.61,80.1,80.6,81.08,81.57
Upper-middle-income countries,1502,Income Group,1517,46.52,48.19,49.34,57.11,61.54,64.41,66.18,67.97,68.59,69.57,70.81,72.31,74.06,75.49,76.32,77.17,78.02,78.82,79.6,80.38,81.12,81.84,82.51,83.15,83.75,84.31,84.85,85.38,85.9,86.41
Lower-middle-income countries,1501,Income Group,1517,39.79,43.14,46.13,48.96,51.14,53.75,56.23,57.95,59.62,61.1,62.65,64.64,66.67,68.11,69.13,70.07,70.93,71.72,72.46,73.18,73.87,74.53,75.16,75.78,76.37,76.95,77.5,78.05,78.58,79.11
Low-income countries,1500,Income Group,1802,35.13,37.85,39.95,42.25,44.55,46.61,48.4,50.11,50.27,51.68,54.11,57.61,61.05,63.44,65.05,66.48,67.72,68.8,69.77,70.66,71.47,72.22,72.92,73.59,74.24,74.87,75.49,76.11,76.72,77.33
No income group available,1518,Income Group,1802,51.63,55.72,58.85,61.6,63.93,66.18,67.83,70.26,72.22,74.05,75.7,77.05,78.42,79.28,80.29,81.05,81.75,82.3,82.81,83.27,83.72,84.17,84.64,85.16,85.72,86.32,86.92,87.49,88.04,88.56
Geographic regions,1840,Label/Separator,900,...,...,...,...,...,...,...,...,...,...,...,...,...,...,...,...,...,...,...,...,...,...,...,...,...,...,...,...,...,...
Africa,903,Region,1840,37.49,40.04,42.45,44.53,46.61,48.82,50.74,52.09,51.93,52.33,53.53,56.78,60.25,62.66,64.11,65.44,66.65,67.74,68.73,69.64,70.47,71.24,71.96,72.63,73.26,73.87,74.46,75.06,75.64,76.23
Asia,935,Region,1840,42.3,44.57,46.49,52.68,56.38,59.19,61.45,63.46,64.98,66.55,68.33,70.03,71.83,73.28,74.2,75.05,75.83,76.55,77.23,77.89,78.52,79.12,79.7,80.27,80.84,81.41,81.97,82.56,83.14,83.73
Europe,908,Region,1840,63.69,67.13,69.21,70.05,70.62,71.05,71.66,72.84,72.67,73.11,73.8,75.3,77.18,78.33,79.09,79.86,80.61,81.32,82.01,82.67,83.31,83.94,84.57,85.22,85.87,86.51,87.11,87.68,88.22,88.78
Latin America and the Caribbean,904,Region,1840,51.4,54.24,56.79,58.95,61.23,63.33,65.29,67.15,68.96,70.67,72.25,73.45,74.44,75.24,76.07,77,77.97,78.83,79.67,80.48,81.26,82,82.7,83.36,83.99,84.59,85.17,85.73,86.27,86.81
Northern America,905,Region,1840,68.71,69.7,70.2,70.51,71.56,73.35,74.51,75.07,75.85,76.68,77.42,78.44,79.23,79.15,79.5,80.23,81.32,82.04,82.75,83.44,84.08,84.68,85.25,85.81,86.34,86.86,87.37,87.89,88.41,88.92
Oceania,909,Region,1840,59.09,61.81,63.4,64.58,66.27,68.16,69.89,71.06,72.58,73.62,74.91,76.25,77.35,78.44,79.25,79.9,80.5,81.03,81.53,82,82.46,82.91,83.35,83.77,84.2,84.64,85.11,85.61,86.12,86.64
Sustainable Development Goal (SDG) regions,1828,Label/Separator,900,...,...,...,...,...,...,...,...,...,...,...,...,...,...,...,...,...,...,...,...,...,...,...,...,...,...,...,...,...,...
SUB-SAHARAN AFRICA,947,SDG region,1828,36.36,38.61,40.88,42.83,44.91,46.95,48.53,49.56,49.12,49.36,50.55,54.04,57.85,60.52,62.12,63.56,64.87,66.04,67.1,68.08,68.98,69.82,70.6,71.35,72.06,72.73,73.38,74.01,74.63,75.25
Eastern Africa,910,Subregion,947,37.42,39.99,42.67,44.62,46.34,47.86,48.58,49.39,47.69,49.24,51.46,56.07,60.97,64.15,65.82,67.27,68.55,69.68,70.69,71.62,72.48,73.29,74.07,74.83,75.57,76.29,77.01,77.72,78.42,79.12
Burundi,108,Country/Area,910,39.03,40.53,42.03,43.53,44.23,46.29,47.28,48.51,47.03,47.32,51.42,55.27,58.92,61.03,62.71,64.29,65.71,66.99,68.16,69.2,70.15,71.01,71.84,72.6,73.34,74.07,74.79,75.5,76.21,76.93
Comoros,174,Country/Area,910,38.72,40.47,42.47,44.48,46.85,49.06,52.29,55.29,57.82,59.29,59.6,60.89,62.83,63.98,65.03,65.96,66.79,67.56,68.27,68.95,69.59,70.2,70.79,71.35,71.93,72.5,73.07,73.65,74.24,74.83
Djibouti,262,Country/Area,910,41.04,42.95,45.18,47.35,50.9,52.55,54.67,56.11,57.02,57.02,57.29,59.05,61.56,66.54,67.87,69.06,70.11,71.05,71.91,72.71,73.49,74.24,75,75.74,76.48,77.21,77.95,78.7,79.45,80.18
Eritrea,232,Country/Area,910,34.08,36.68,40.08,42.15,44.12,45.91,47.33,48.69,50.77,53.97,56.7,60.71,63.42,65.74,67.48,68.95,70.21,71.27,72.23,73.09,73.94,74.75,75.54,76.3,77.06,77.81,78.56,79.31,80.05,80.79
Ethiopia,231,Country/Area,910,34.08,36.68,40.08,42.14,43.52,44.26,43.52,46.15,48.07,50.7,53.61,59.08,63.7,65.97,67.81,69.37,70.7,71.84,72.84,73.77,74.63,75.47,76.27,77.06,77.83,78.6,79.35,80.11,80.85,81.59
Kenya,404,Country/Area,910,42.57,45.1,48.44,51.12,53.96,56.49,58.83,58.6,55.66,51.77,51.69,58.49,62.92,66.18,67.47,68.61,69.61,70.52,71.38,72.18,72.94,73.7,74.44,75.2,75.95,76.69,77.44,78.2,78.97,79.74
Madagascar,450,Country/Area,910,36.32,38.75,41.17,43.53,45.97,48.08,49.66,49.91,52.66,56.68,60.03,62.23,64.51,66.49,68.21,69.7,70.96,72.05,73.03,73.93,74.8,75.6,76.4,77.17,77.94,78.71,79.45,80.2,80.94,81.66
Malawi,454,Country/Area,910,34.85,35.99,37.38,38.59,41.07,43.25,45.12,45.85,46.14,45.55,45.61,51.31,59.56,63.43,65.62,67.5,69.1,70.45,71.62,72.69,73.68,74.59,75.48,76.34,77.16,77.98,78.79,79.58,80.37,81.14
Mauritius,480,Country/Area,910,50.2,55.75,61.22,62.95,63.53,65.66,68.12,68.52,70.28,70.39,72.09,72.76,74.15,74.76,75.51,76.26,77.01,77.77,78.52,79.29,80.04,80.79,81.54,82.27,82.96,83.6,84.2,84.78,85.33,85.87
Mayotte,175,Country/Area,910,47.26,52.81,57.07,60.71,63.87,66.61,69.02,71.14,73.09,74.86,76.47,77.95,79.34,79.35,79.85,80.84,82.29,83.11,83.83,84.5,85.14,85.75,86.33,86.91,87.48,88.05,88.6,89.14,89.67,90.2
Mozambique,508,Country/Area,910,35,37.99,40.49,40.92,41.91,43.46,43.48,44.35,46.29,47.95,49.88,51.09,54.21,60.05,62.13,64.01,65.68,67.13,68.4,69.54,70.54,71.46,72.31,73.14,73.94,74.73,75.51,76.27,77.02,77.79
Réunion,638,Country/Area,910,47.86,53.44,57.72,61.38,64.59,67.28,69.64,71.74,73.58,75.28,76.83,78.2,79.54,80.03,81.55,82.49,83.29,83.99,84.65,85.29,85.9,86.5,87.09,87.67,88.25,88.82,89.37,89.91,90.47,91.02
Rwanda,646,Country/Area,910,40.15,41.75,43.4,44.49,44.95,46.2,50.27,48.7,21.79,45.09,50.41,60.03,65.79,68.44,70,71.34,72.49,73.55,74.53,75.45,76.31,77.15,77.96,78.74,79.53,80.3,81.07,81.82,82.54,83.24
Seychelles,690,Country/Area,910,61.9,62.94,63.92,65.39,67.35,69.24,70.56,70.77,70.74,70.8,71.56,72.6,73.07,73.29,73.74,74.42,75.32,76.02,76.72,77.41,78.12,78.84,79.58,80.32,81.05,81.78,82.47,83.1,83.71,84.29
Somalia,706,Country/Area,910,33.99,35.99,37.97,39.99,41.91,43.8,45.48,46.38,44.96,49.8,51.49,53.18,54.86,56.94,58.34,59.67,60.93,62.12,63.22,64.2,65.14,66,66.79,67.53,68.24,68.9,69.53,70.14,70.73,71.3
South Sudan,728,Country/Area,910,27.93,30.59,32.73,34.88,36.7,38.68,39.45,41.81,45.32,48.17,50.19,53.28,56.06,57.43,58.74,59.99,61.15,62.23,63.22,64.11,64.95,65.75,66.47,67.16,67.81,68.44,69.03,69.59,70.14,70.69
Uganda,800,Country/Area,910,40.13,42.91,45.8,48.55,49.56,49.8,49.81,47.53,44.52,44.32,49.02,54.41,59.46,62.76,64.38,65.84,67.15,68.33,69.38,70.33,71.21,72.03,72.79,73.54,74.29,75.01,75.73,76.45,77.16,77.89
United Republic of Tanzania,834,Country/Area,910,41.01,42.93,44.22,45.85,47.77,49.81,50.48,50.7,49.67,49.54,52.66,56.29,60.91,64.84,66.39,67.77,69.01,70.1,71.07,71.98,72.82,73.61,74.39,75.13,75.87,76.59,77.32,78.05,78.77,79.5
Zambia,894,Country/Area,910,43.24,45.54,47.68,49.02,51.19,52.5,52.73,51.85,46.36,43.36,46.01,51.75,59.29,63.26,64.7,66,67.18,68.24,69.21,70.1,70.93,71.71,72.48,73.23,73.97,74.69,75.42,76.15,76.88,77.59
Zimbabwe,716,Country/Area,910,49.68,51.86,54.16,56.23,57.45,58.48,60.76,60.65,54.44,46.97,43.74,45.02,56.71,60.83,62.16,63.43,64.62,65.71,66.72,67.66,68.52,69.31,70.06,70.75,71.43,72.09,72.73,73.36,74,74.66
Middle Africa,911,Subregion,947,37.76,39.37,40.91,42.67,44.81,46.31,47.85,48.86,49.26,48.56,50.55,53.88,56.99,59.36,60.83,62.2,63.46,64.61,65.65,66.61,67.48,68.29,69.04,69.74,70.41,71.07,71.68,72.3,72.9,73.5
Angola,24,Country/Area,911,35.85,36.89,38.27,40,41.82,43.52,44.68,45.34,45.24,45.65,48.05,52.69,57.74,60.54,62.22,63.77,65.11,66.31,67.34,68.26,69.08,69.83,70.53,71.18,71.82,72.45,73.04,73.65,74.25,74.87
Cameroon,120,Country/Area,911,38.53,40.62,42.99,45.24,47.85,50.46,52.4,53.67,52.6,50.82,51.78,53.97,56.28,58.77,60.32,61.77,63.09,64.32,65.41,66.41,67.32,68.16,68.94,69.67,70.37,71.03,71.65,72.28,72.92,73.53
Central African Republic,140,Country/Area,911,32.74,35.12,37.45,40.3,44.26,47.95,49.76,49.64,48.12,45.04,44.1,46,48.91,52.67,54.36,55.95,57.42,58.78,60.02,61.12,62.13,63.04,63.87,64.63,65.32,66,66.62,67.21,67.79,68.34
Chad,148,Country/Area,911,36.06,37.36,38.7,40.14,42.56,44.08,45.46,46.73,47.18,47.65,47.95,49.51,52.27,53.8,55.17,56.52,57.83,59.09,60.28,61.43,62.49,63.5,64.42,65.28,66.08,66.82,67.51,68.18,68.82,69.42
Congo,178,Country/Area,911,40.43,44.04,47.21,49.64,51.69,53.4,54.83,55.23,53.72,51.91,53.35,58.18,61.66,64.16,65.21,66.17,67.01,67.8,68.52,69.2,69.86,70.47,71.06,71.65,72.22,72.8,73.39,73.97,74.58,75.17
Democratic Republic of the Congo,180,Country/Area,911,39.06,40.55,41.63,42.99,44.77,45.63,47.13,48.25,49.59,48.89,51.84,55.48,58.1,60.21,61.6,62.89,64.09,65.17,66.15,67.05,67.88,68.63,69.33,69.99,70.61,71.22,71.8,72.37,72.93,73.5
Equatorial Guinea,226,Country/Area,911,33.96,35.68,37.38,39.03,40.68,42.31,45.97,47.7,49.93,52.34,53.99,54.9,56.48,58.25,59.82,61.28,62.6,63.78,64.82,65.74,66.58,67.35,68.05,68.72,69.35,69.98,70.54,71.1,71.64,72.18
Gabon,266,Country/Area,911,36.82,39.04,40.67,45.02,49.2,53.23,57.16,60.55,60.66,59.4,57.62,59.58,63.35,66.06,67.03,67.88,68.66,69.38,70.06,70.71,71.34,71.95,72.58,73.19,73.82,74.44,75.06,75.7,76.33,76.99
Sao Tome and Principe,678,Country/Area,911,46.73,49.03,51.73,54.04,56.7,59.26,60.01,58.69,58.25,59.9,63.06,66.14,68.49,70.05,71.01,71.91,72.75,73.55,74.34,75.11,75.86,76.62,77.38,78.13,78.88,79.63,80.39,81.14,81.86,82.58
Southern Africa,913,Subregion,947,44.61,47.23,49.18,51.24,53.84,56.72,59.23,62.05,62.72,58.21,53.04,54,60.34,63.28,64.62,65.78,66.81,67.72,68.56,69.35,70.07,70.77,71.45,72.13,72.81,73.48,74.14,74.8,75.49,76.19
Botswana,72,Country/Area,913,44.9,47.83,50.42,52.65,55.08,57.92,60.12,61.16,56.48,52.68,50.08,55.87,64.41,69.1,69.86,70.56,71.23,71.85,72.48,73.09,73.72,74.33,74.97,75.6,76.24,76.91,77.58,78.27,78.97,79.68
Eswatini,748,Country/Area,913,40.36,42.59,44.54,46.63,49.87,53.58,57.61,61.18,60.9,52.64,43.63,43.85,50.67,59.31,61.05,62.6,63.96,65.17,66.24,67.2,68.06,68.82,69.51,70.15,70.78,71.41,72.04,72.67,73.29,73.91
Lesotho,426,Country/Area,913,45,47.18,48.5,49.66,51.83,55.04,58.11,59.81,58.58,52,44.22,43.07,48.15,53.51,55.65,57.66,59.48,61.12,62.55,63.85,65.01,66.06,67.02,67.92,68.73,69.5,70.23,70.95,71.65,72.33
Namibia,516,Country/Area,913,40.7,44.53,48.32,51.4,53.88,56.69,58.03,60.69,61.19,55.04,50.64,53.01,60.39,63.02,64.86,66.38,67.64,68.7,69.65,70.5,71.3,72.04,72.78,73.51,74.22,74.93,75.64,76.34,77.06,77.78
South Africa,710,Country/Area,913,44.83,47.42,49.31,51.37,53.99,56.85,59.36,62.26,63.25,58.97,53.9,54.7,60.95,63.62,64.88,65.99,66.96,67.84,68.64,69.4,70.1,70.78,71.44,72.11,72.77,73.43,74.09,74.74,75.42,76.12
Western Africa,914,Subregion,947,33.47,35.49,37.65,39.6,41.85,44.44,46.73,47.73,48.27,48.42,49.54,52.56,55.06,57.32,58.94,60.45,61.83,63.08,64.22,65.26,66.2,67.06,67.85,68.59,69.28,69.93,70.55,71.15,71.73,72.31
Benin,204,Country/Area,914,33.71,36.14,38.41,40.87,43.48,46.22,48.3,51.92,55.14,54.96,56.18,58.56,59.93,61.3,62.84,64.16,65.28,66.26,67.12,67.94,68.68,69.37,70.02,70.66,71.28,71.87,72.46,73.05,73.65,74.26
Burkina Faso,854,Country/Area,914,30.94,33.29,35.59,38.04,40.27,43.39,48.39,49.48,49.33,49.86,51.61,55.27,58.71,60.92,62.98,64.79,66.35,67.67,68.81,69.79,70.67,71.46,72.22,72.91,73.61,74.27,74.92,75.58,76.24,76.89
Cabo Verde,132,Country/Area,914,47.57,48.29,49,52.04,54.9,60.21,62.11,63.84,65.5,67.11,69.92,70.65,71.53,72.7,73.58,74.42,75.21,76,76.77,77.56,78.34,79.12,79.92,80.72,81.5,82.26,82.97,83.61,84.24,84.83
Côte d'Ivoire,384,Country/Area,914,30.17,33.91,38.27,41.95,46.26,49.73,52.06,53.32,52.66,50.44,49.47,51.42,54.63,57.25,58.75,59.98,61.07,62.01,62.88,63.68,64.44,65.13,65.8,66.45,67.08,67.69,68.31,68.89,69.49,70.08
Gambia,270,Country/Area,914,30.25,31.55,32.83,35.83,40.1,44.27,48.24,51.38,52.9,54.95,56.94,58.85,60.32,61.54,63.26,64.69,65.89,66.91,67.8,68.63,69.37,70.05,70.71,71.35,71.96,72.56,73.14,73.74,74.34,74.96
Ghana,288,Country/Area,914,42.17,44.67,46.9,48.62,50.03,51.6,53.06,55.32,57.78,57,57.5,60.13,61.82,63.65,64.94,66.11,67.15,68.09,68.95,69.72,70.45,71.13,71.79,72.42,73.04,73.67,74.3,74.91,75.55,76.18
Guinea,324,Country/Area,914,33.08,34.33,35.38,36.14,37.43,39.89,43.09,47.96,51.32,51.63,51.34,55.55,58.01,61.04,62.64,64.08,65.35,66.47,67.43,68.29,69.06,69.75,70.39,71,71.58,72.15,72.69,73.25,73.8,74.35
Guinea-Bissau,624,Country/Area,914,35.59,36.86,38.17,39.88,41.42,43.14,44.93,46.3,47.91,49.45,51.35,53.31,55.94,57.82,59.38,60.83,62.18,63.41,64.52,65.5,66.39,67.21,67.97,68.66,69.32,69.95,70.56,71.13,71.69,72.27
Liberia,430,Country/Area,914,32.62,33.74,35.05,37.87,40.93,44.53,46.97,46.62,46.2,50.82,52.77,58.1,60.73,63.6,65,66.24,67.32,68.26,69.11,69.87,70.56,71.23,71.84,72.44,73.02,73.6,74.19,74.77,75.34,75.93
Mali,466,Country/Area,914,26.96,27.98,28.61,30.8,34.2,37.71,41.55,44.51,46.57,46.75,49.96,54.02,56.24,58.71,60.54,62.13,63.45,64.57,65.51,66.32,67.06,67.71,68.32,68.9,69.44,69.96,70.46,70.98,71.46,71.95
Mauritania,478,Country/Area,914,39.57,42.71,46.16,49.35,51.31,53.53,56.34,58.89,60.15,60.56,60.94,61.91,63.21,64.61,65.57,66.43,67.19,67.91,68.57,69.2,69.8,70.38,70.94,71.5,72.04,72.6,73.16,73.71,74.29,74.87
Niger,562,Country/Area,914,34.5,34.82,35.29,35.62,36.32,37.76,40.26,42.27,45.01,48.36,51.57,55.34,59.16,61.8,63.62,65.26,66.67,67.88,68.91,69.83,70.61,71.32,71.98,72.59,73.18,73.77,74.36,74.94,75.52,76.1
Nigeria,566,Country/Area,914,33.81,35.8,38.13,39.97,42.03,44.29,46.02,45.95,45.87,46,46.94,49.76,51.95,54.18,55.75,57.28,58.73,60.09,61.35,62.51,63.55,64.51,65.37,66.17,66.9,67.58,68.2,68.79,69.35,69.9
Senegal,686,Country/Area,914,35.47,37.49,38.62,38.42,40.91,46.5,51.27,56.05,57.59,57.24,58.93,62.55,65.74,67.47,68.87,70.08,71.12,72.05,72.9,73.71,74.47,75.21,75.93,76.67,77.39,78.12,78.86,79.58,80.3,81.03
Sierra Leone,694,Country/Area,914,28.79,30.73,32.47,34.83,37.32,39.4,40.54,39.72,37.56,37.61,42.03,46.99,51.42,54.07,55.92,57.67,59.33,60.86,62.23,63.47,64.56,65.52,66.38,67.16,67.85,68.49,69.12,69.7,70.25,70.79
Togo,768,Country/Area,914,35.3,38.66,41.9,45.02,48.07,50.93,53.58,55.41,55.78,53.71,53.88,55.8,59.08,60.53,62.13,63.49,64.66,65.69,66.59,67.41,68.18,68.88,69.58,70.23,70.88,71.49,72.11,72.72,73.33,73.96
NORTHERN AFRICA AND WESTERN ASIA,1833,SDG region,1828,42.59,46,49.06,52.13,54.87,58.1,61.07,64.09,65.97,67.82,69.5,71.07,72.31,73.45,74.46,75.33,76.14,76.87,77.56,78.22,78.84,79.42,79.96,80.49,81.01,81.53,82.06,82.6,83.14,83.66
Northern Africa,912,Subregion,1833,42.27,45.81,48.59,51.12,53.19,56.27,59.77,62.84,64.62,66.45,67.98,69.77,71.17,72.27,73.18,74.05,74.89,75.68,76.44,77.15,77.82,78.47,79.07,79.65,80.2,80.76,81.32,81.9,82.48,83.05
Algeria,12,Country/Area,912,42.89,45,47.29,49.47,51.49,54.94,61.58,65.87,67.63,69.52,71.83,74.17,75.51,76.59,77.5,78.38,79.22,80.02,80.8,81.57,82.3,83,83.67,84.3,84.89,85.44,85.96,86.48,87.01,87.53
Egypt,818,Country/Area,912,41.13,46.33,49.28,51.57,52.95,56.75,59.89,63.53,65.44,67.97,68.98,69.87,70.83,71.74,72.54,73.31,74.07,74.8,75.52,76.23,76.92,77.63,78.33,79.03,79.74,80.45,81.15,81.85,82.54,83.19
Libya,434,Country/Area,912,36.67,38.99,46.89,53.32,58.41,62.47,65.57,67.52,69.35,70.43,71.26,72.34,71.74,72.7,73.44,74.17,74.89,75.6,76.32,77.03,77.75,78.48,79.21,79.93,80.66,81.38,82.08,82.77,83.43,84.05
Morocco,504,Country/Area,912,45.67,47.45,49.52,51.64,53.53,55.75,59.58,63.2,65.98,67.65,69.97,73.41,75.03,76.33,77.43,78.45,79.41,80.33,81.2,82.04,82.83,83.57,84.24,84.86,85.44,85.98,86.51,87.06,87.59,88.13
Sudan,729,Country/Area,912,44.54,47.08,49.22,51.24,53.06,54,54.46,55.14,56,57.58,59.46,61.62,63.76,64.95,66.09,67.16,68.14,69.04,69.89,70.67,71.42,72.12,72.8,73.48,74.15,74.82,75.5,76.19,76.87,77.57
Tunisia,788,Country/Area,912,38.81,40.73,43.74,48.33,54.08,59.37,64.26,67.13,70.32,72.43,73.72,74.63,75.45,76.41,77.36,78.27,79.13,79.95,80.76,81.54,82.31,83.04,83.72,84.35,84.94,85.47,85.98,86.48,86.99,87.51
Western Sahara,732,Country/Area,912,35.52,37.43,39.31,41.24,43.26,47.56,51.88,56.18,58.72,61.28,63.91,66.2,68.41,69.86,71.08,72.14,73.09,73.97,74.83,75.65,76.44,77.22,77.98,78.75,79.5,80.25,80.99,81.72,82.43,83.11
Western Asia,922,Subregion,1833,42.99,46.2,49.53,53.15,56.56,59.93,62.36,65.29,67.26,69.12,70.93,72.3,73.41,74.57,75.66,76.5,77.28,77.95,78.59,79.19,79.75,80.28,80.79,81.28,81.78,82.29,82.8,83.31,83.82,84.32
Armenia,51,Country/Area,922,62.81,64.92,67.03,69.18,70.76,70.6,70.92,68.39,68.06,70.2,72.37,72.74,73.99,74.87,75.55,76.24,76.92,77.59,78.26,78.91,79.57,80.24,80.91,81.57,82.22,82.86,83.47,84.06,84.62,85.17
Azerbaijan,31,Country/Area,922,58.42,60.4,61.53,62.63,63.54,63.94,64.43,65.24,64.55,66.25,67.44,70.1,71.57,72.81,73.33,73.87,74.42,75.01,75.6,76.19,76.79,77.4,78.03,78.67,79.32,79.98,80.67,81.37,82.06,82.74
Bahrain,48,Country/Area,922,42.99,48.48,55.3,61.09,65.37,68.36,70.48,71.83,72.89,73.92,74.92,75.69,76.41,77.1,77.73,78.36,78.98,79.61,80.25,80.9,81.54,82.16,82.77,83.36,83.94,84.48,84.99,85.47,85.92,86.4
Cyprus,196,Country/Area,922,66.73,68.74,70.42,71.91,73.18,74.28,75.26,76.15,76.94,77.67,78.34,78.96,79.93,80.75,81.51,82.28,83.04,83.77,84.42,85.03,85.6,86.15,86.69,87.22,87.75,88.27,88.8,89.33,89.87,90.41
Georgia,268,Country/Area,922,60.65,62.65,64.65,66.66,68.16,69.64,69.65,70.46,70.11,69.51,70.44,70.75,72.31,73.52,74.24,74.96,75.68,76.38,77.08,77.79,78.52,79.23,79.96,80.69,81.4,82.08,82.74,83.36,83.95,84.51
Iraq,368,Country/Area,922,37.94,44.92,50.88,56.35,59.51,61.72,58.54,64.14,67.33,69.02,68.77,68,69.4,70.37,71.08,71.75,72.38,73,73.59,74.18,74.79,75.4,76.01,76.64,77.27,77.92,78.57,79.21,79.87,80.54
Israel,376,Country/Area,922,68.87,70.04,70.97,71.77,72.57,73.52,74.63,75.94,77.2,78.31,79.56,80.94,81.91,82.74,83.49,84.2,84.83,85.43,86,86.57,87.13,87.68,88.23,88.77,89.33,89.88,90.43,90.99,91.54,92.09
Jordan,400,Country/Area,922,46.49,50.65,54.59,58.38,61.85,64.97,67.25,69.15,70.43,71.28,72.18,73,73.81,74.33,75.01,75.68,76.34,76.99,77.65,78.33,79,79.67,80.35,81.02,81.69,82.36,83,83.61,84.2,84.75
Kuwait,414,Country/Area,922,53.56,57.4,61.19,64.45,66.78,68.77,70.49,71.69,72.49,72.97,73.32,73.85,74.86,75.33,75.85,76.39,76.96,77.55,78.14,78.75,79.37,80.01,80.64,81.26,81.88,82.5,83.08,83.65,84.21,84.74
Lebanon,422,Country/Area,922,60.47,62.43,64.01,65.37,66.7,67.59,68.37,69.59,71.1,73.29,75.71,77.78,78.64,78.82,79.27,80.01,81.05,81.82,82.59,83.34,84.05,84.71,85.31,85.87,86.41,86.94,87.48,88.01,88.54,89.07
Oman,512,Country/Area,922,36.05,40.53,44.71,48.55,52.26,57.38,61.93,65.64,68.51,70.93,73.23,75.06,76.22,77.53,78.58,79.58,80.55,81.46,82.34,83.17,83.92,84.62,85.26,85.85,86.41,86.97,87.51,88.05,88.61,89.19
Qatar,634,Country/Area,922,55.26,59.2,62.95,66.64,69.47,71.85,73.75,75.2,76.34,77.12,77.83,78.69,79.48,80.02,80.73,81.47,82.25,83.03,83.73,84.38,85,85.57,86.09,86.62,87.14,87.68,88.22,88.76,89.3,89.86
Saudi Arabia,682,Country/Area,922,41.94,44.42,46.99,50.24,55.46,60.66,64.74,67.84,70.11,71.9,73.01,73.46,74.38,74.9,75.69,76.4,77.1,77.82,78.57,79.32,80.07,80.81,81.49,82.16,82.82,83.45,84.04,84.61,85.15,85.64
State of Palestine,275,Country/Area,922,46.6,48.23,50.76,54.09,57.44,60.66,64.21,66.95,68.95,70.43,71.53,72.45,73.09,73.82,74.62,75.41,76.16,76.89,77.6,78.31,79.02,79.72,80.41,81.11,81.8,82.48,83.12,83.75,84.35,84.89
Syrian Arab Republic,760,Country/Area,922,47.6,50.52,53.49,56.85,60.79,64.22,67.18,69.63,71.28,72.54,73.58,74.45,69.87,71.32,76.06,77.82,78.61,79.35,80.08,80.72,81.32,81.93,82.5,83.05,83.6,84.13,84.65,85.18,85.69,86.21
Turkey,792,Country/Area,922,41.01,43.67,47.21,50.78,53.75,57.05,60.22,63.04,65.49,68.49,71.37,73.37,75.59,77.31,78.45,79.55,80.59,81.57,82.5,83.35,84.11,84.8,85.45,86.07,86.65,87.22,87.79,88.35,88.92,89.46
United Arab Emirates,784,Country/Area,922,43.86,48.94,54.08,58.86,63.36,66.82,69.35,71.19,72.58,73.76,74.86,75.86,76.79,77.75,78.46,79.17,79.86,80.57,81.27,81.94,82.61,83.25,83.88,84.47,85.04,85.57,86.08,86.6,87.11,87.61
Yemen,887,Country/Area,922,29.23,29.7,30.66,34.36,39.61,45.28,51.58,56.02,58.19,59.5,62.06,64.71,66,66.03,66.44,67.2,68.34,68.99,69.6,70.19,70.75,71.29,71.84,72.38,72.94,73.49,74.06,74.64,75.24,75.84
CENTRAL AND SOUTHERN ASIA,921,SDG region,1828,37.77,40.94,44.05,47.14,49.78,53.07,55.17,57.33,59.78,61.97,64,65.92,68.04,69.48,70.59,71.59,72.47,73.28,74.05,74.79,75.51,76.21,76.88,77.54,78.21,78.87,79.52,80.19,80.83,81.49
Central Asia,5500,Subregion,921,54.23,56.24,58.24,60.17,61.73,62.81,64.14,65.69,64.54,63.93,65.63,67.45,69.52,71.64,72.3,72.94,73.55,74.16,74.77,75.38,75.99,76.62,77.25,77.9,78.56,79.24,79.91,80.6,81.28,81.95
Kazakhstan,398,Country/Area,5500,55.08,57.32,59.51,61.66,63.26,64.31,65.89,67.5,65.45,62.96,64.59,66.08,69.07,73.23,73.9,74.56,75.25,75.93,76.62,77.32,78.03,78.76,79.49,80.22,80.95,81.67,82.35,82.99,83.61,84.19
Kyrgyzstan,417,Country/Area,5500,52.83,55.09,57.35,59.57,61.26,62.4,64.03,66.07,66.25,65.93,66.9,67.47,70.27,71.18,71.95,72.68,73.37,74.04,74.72,75.42,76.12,76.81,77.53,78.24,78.96,79.7,80.43,81.14,81.86,82.54
Tajikistan,762,Country/Area,5500,48.2,49.81,51.41,52.99,55.05,56.83,57.45,59.86,57.8,60.09,64.08,67.73,69.39,70.77,71.76,72.68,73.54,74.35,75.12,75.86,76.59,77.29,78,78.7,79.39,80.08,80.76,81.43,82.08,82.73
Turkmenistan,795,Country/Area,5500,51.29,53.42,55.52,57.61,59.17,60.22,61.77,62.84,62.7,63.18,64.23,65.87,67.3,67.98,68.63,69.24,69.84,70.42,71,71.57,72.17,72.76,73.37,74,74.64,75.28,75.93,76.6,77.28,77.96
Uzbekistan,860,Country/Area,5500,56.07,57.91,59.76,61.62,63.03,64.01,65.3,66.58,66.27,66.72,67.73,69.1,70.23,71.53,72.04,72.56,73.08,73.61,74.15,74.7,75.26,75.85,76.42,77.03,77.64,78.27,78.9,79.55,80.22,80.87
Southern Asia,5501,Subregion,921,37.33,40.47,43.56,46.66,49.33,52.69,54.82,57,59.59,61.89,63.94,65.87,67.98,69.39,70.52,71.53,72.43,73.24,74.01,74.76,75.48,76.18,76.85,77.52,78.18,78.84,79.5,80.16,80.81,81.46
Afghanistan,4,Country/Area,5501,28.61,31.13,33.74,36.15,38.74,41.63,44.97,48.56,51.96,54.67,57,59.63,62.32,64.28,65.98,67.38,68.55,69.57,70.47,71.28,72.04,72.75,73.45,74.14,74.81,75.51,76.19,76.88,77.56,78.25
Bangladesh,50,Country/Area,5501,40.54,43.86,46.66,48.63,45.81,51.57,53.84,56.7,59.9,64.01,66.6,68.83,70.79,72.15,73.57,74.83,75.95,76.98,77.96,78.88,79.77,80.64,81.45,82.25,83.01,83.73,84.38,84.98,85.55,86.08
Bhutan,64,Country/Area,5501,32.26,33.78,35.47,38.2,41.06,43.69,47.39,50.98,54.81,58.58,63.19,67.05,69.41,71.28,72.77,73.97,75.01,75.94,76.79,77.59,78.36,79.09,79.82,80.53,81.22,81.89,82.56,83.19,83.79,84.37
India,356,Country/Area,5501,36.98,39.93,42.94,46.1,49.37,52.51,54.91,56.69,59.12,61.47,63.5,65.53,67.77,69.27,70.42,71.43,72.32,73.12,73.89,74.62,75.34,76.05,76.75,77.45,78.16,78.87,79.57,80.29,80.98,81.68
Iran (Islamic Republic of),364,Country/Area,5501,40.59,43.5,46.38,49.18,52.67,56.71,52.11,59.97,66.91,69.09,71.15,72.72,75.04,76.35,77.33,78.25,79.13,79.96,80.77,81.55,82.3,83.03,83.71,84.34,84.94,85.49,86.01,86.55,87.07,87.61
Maldives,462,Country/Area,5501,34.45,36.06,38.92,42.35,46.1,50.57,55.45,59.34,63.77,68.02,72.09,74.81,76.82,78.47,79.89,81.15,82.28,83.29,84.19,84.95,85.62,86.24,86.84,87.44,88.01,88.6,89.17,89.74,90.31,90.86
Nepal,524,Country/Area,5501,34.53,34.98,36.57,39.44,42.33,45.18,48.52,52.28,56.56,60.5,63.87,66.47,68.61,70.31,71.74,72.87,73.89,74.85,75.74,76.59,77.4,78.16,78.91,79.63,80.32,81.01,81.7,82.38,83.04,83.66
Pakistan,586,Country/Area,5501,37.45,42.86,47.45,51.11,53.93,55.95,57.7,59.33,60.82,62.16,63.44,64.49,66.02,67.02,67.79,68.52,69.21,69.87,70.5,71.11,71.72,72.31,72.9,73.5,74.11,74.74,75.38,76.04,76.71,77.38
Sri Lanka,144,Country/Area,5501,54.51,58.3,60.26,62.93,65.14,66.96,69.08,68.91,70.02,69.06,73.9,74.93,75.89,76.73,77.56,78.39,79.22,80.04,80.85,81.64,82.42,83.15,83.82,84.45,85.03,85.6,86.16,86.7,87.23,87.77
EASTERN AND SOUTH-EASTERN ASIA,1832,SDG region,1828,45.41,47.08,48.02,56.49,61.17,64.11,66.71,68.31,69.2,70.4,71.97,73.44,74.88,76.26,77.01,77.73,78.44,79.12,79.8,80.48,81.14,81.8,82.43,83.03,83.61,84.16,84.71,85.26,85.81,86.36
Eastern Asia,906,Subregion,1832,45.44,46.69,47.03,57.04,62.84,66.52,68.71,69.89,70.53,71.67,73.45,74.89,76.34,77.76,78.53,79.27,79.98,80.69,81.41,82.14,82.86,83.56,84.24,84.86,85.44,85.98,86.5,87.03,87.55,88.06
China,156,Country/Area,906,43.83,44.47,44.55,55.47,61.68,65.51,67.75,68.92,69.37,70.58,72.26,73.68,75.14,76.62,77.47,78.31,79.13,79.94,80.73,81.52,82.28,83.02,83.72,84.36,84.96,85.52,86.04,86.56,87.08,87.61
"China, Hong Kong SAR",344,Country/Area,906,63.15,65.88,68.81,70.85,72.49,73.76,75.61,76.96,78.04,79.98,81.41,82.43,83.4,84.63,85.29,85.94,86.61,87.27,87.93,88.59,89.22,89.83,90.41,90.96,91.48,91.98,92.47,92.97,93.48,94.02
"China, Macao SAR",446,Country/Area,906,60.98,63.58,66.01,68.12,70.64,73.02,74.82,76.54,78.05,79.75,80.97,82.07,83.29,84.04,84.68,85.33,85.99,86.64,87.3,87.94,88.55,89.13,89.68,90.23,90.77,91.33,91.88,92.43,92.98,93.55
"China, Taiwan Province of China",158,Country/Area,906,58.16,62.92,65.01,66.91,69.33,70.78,72.13,73.36,74.42,75.22,76.94,78.2,79.26,80.19,81.04,81.88,82.69,83.44,84.11,84.74,85.33,85.92,86.49,87.04,87.6,88.15,88.71,89.26,89.81,90.36
Dem. People's Republic of Korea,408,Country/Area,906,37.59,49.88,51.63,57.24,61.73,65.03,67.06,68.59,70.03,63.5,68.06,68.44,70.79,71.96,72.89,73.8,74.66,75.49,76.31,77.12,77.91,78.71,79.51,80.29,81.07,81.84,82.58,83.28,83.92,84.53
Japan,392,Country/Area,906,62.8,66.4,69.16,71.41,73.28,75.4,77.01,78.53,79.42,80.51,81.8,82.65,83.32,84.43,85.03,85.62,86.21,86.79,87.37,87.94,88.52,89.07,89.63,90.19,90.74,91.29,91.84,92.4,92.95,93.5
Mongolia,496,Country/Area,906,43.18,46.09,50.73,53.87,56.43,56.85,57.3,59.6,60.77,61.82,64.08,66.14,68.47,69.55,70.53,71.48,72.38,73.25,74.1,74.93,75.76,76.57,77.37,78.19,78.99,79.79,80.58,81.36,82.1,82.8
Republic of Korea,410,Country/Area,906,41.93,52.87,56.26,59.29,63.1,65,67.38,70.34,72.85,74.95,77.17,79.47,81.27,82.77,83.5,84.18,84.85,85.48,86.12,86.73,87.34,87.94,88.52,89.1,89.67,90.26,90.84,91.41,91.98,92.55
South-Eastern Asia,920,Subregion,1832,45.72,49.24,52.15,54.63,55.83,57.26,61.22,63.53,65.31,66.71,67.91,69.62,71.17,72.46,73.29,74.09,74.9,75.64,76.37,77.06,77.73,78.4,79.07,79.73,80.39,81.05,81.7,82.35,82.99,83.62
Brunei Darussalam,96,Country/Area,920,50.93,52.48,57.47,61.09,63.89,66.38,68.28,69.54,70.83,72.11,73.46,74.43,75,75.66,76.35,77.03,77.71,78.37,79.03,79.68,80.35,81.02,81.66,82.32,82.96,83.58,84.16,84.72,85.25,85.75
Cambodia,116,Country/Area,920,40.32,41.05,41.39,41.97,37.84,14.49,45.08,52.04,54.27,56.41,60.78,65.12,67.61,69.44,70.54,71.52,72.39,73.22,73.97,74.7,75.41,76.11,76.8,77.47,78.16,78.85,79.53,80.22,80.9,81.56
Indonesia,360,Country/Area,920,41.76,45.08,48.18,51.05,54.02,56.69,59.21,61.28,63.31,65.15,66.4,68.33,70.01,71.41,72.32,73.2,74.04,74.84,75.64,76.39,77.15,77.9,78.66,79.4,80.14,80.88,81.61,82.34,83.03,83.7
Lao People's Democratic Republic,418,Country/Area,920,40.93,42.44,43.97,45.48,47.04,48.4,49.89,52.37,54.43,57.38,60.2,62.99,65.49,67.44,68.89,70.17,71.27,72.23,73.08,73.89,74.66,75.38,76.08,76.76,77.44,78.12,78.79,79.45,80.1,80.78
Malaysia,458,Country/Area,920,54.95,58.53,61.24,63.45,65.64,67.19,68.99,70.17,71.47,72.14,73.09,74.03,74.96,75.93,76.65,77.36,78.06,78.76,79.48,80.18,80.88,81.6,82.31,83,83.65,84.26,84.84,85.39,85.92,86.42
Myanmar,104,Country/Area,920,36.37,40.93,43.7,47.49,49.84,51.91,53.91,55.98,57.65,59.26,60.87,62.44,64.68,66.76,67.78,68.68,69.5,70.25,70.96,71.65,72.32,73,73.68,74.35,75.02,75.71,76.39,77.09,77.8,78.5
Philippines,608,Country/Area,920,56.49,59.83,62,62.94,63.23,63.24,64.27,65.24,67.51,68.64,68.86,69.45,70.23,71.04,71.66,72.3,72.96,73.61,74.27,74.95,75.63,76.31,77,77.7,78.42,79.14,79.86,80.59,81.3,82.01
Singapore,702,Country/Area,920,60.23,64.05,66.44,67.24,69.1,71.03,72.9,74.93,76.69,77.01,79.18,81.22,82.3,83.39,84.07,84.68,85.28,85.87,86.46,87.05,87.63,88.22,88.8,89.37,89.94,90.5,91.06,91.62,92.19,92.76
Thailand,764,Country/Area,920,50.81,53.3,56.05,58.18,60.66,63.31,65.74,69.77,70.15,70.3,71.22,73.15,75.18,76.83,77.74,78.64,79.52,80.38,81.24,82.06,82.81,83.5,84.14,84.75,85.34,85.91,86.45,87,87.55,88.09
Timor-Leste,626,Country/Area,920,29.97,32.48,34.98,37.49,39.95,31.18,39.92,46.45,50.46,56.68,61.14,66.16,67.67,69.15,70.18,71.1,71.91,72.66,73.38,74.08,74.75,75.43,76.09,76.75,77.42,78.09,78.75,79.42,80.1,80.77
Viet Nam,704,Country/Area,920,53.5,57.26,60.48,62.33,57.75,66.1,68.05,69.78,71.25,72.52,73.5,74.59,74.96,75.27,75.77,76.45,77.3,78,78.72,79.44,80.17,80.9,81.63,82.31,82.95,83.56,84.15,84.72,85.27,85.81
LATIN AMERICA AND THE CARIBBEAN,1830,SDG region,1828,51.4,54.24,56.79,58.95,61.23,63.33,65.29,67.15,68.96,70.67,72.25,73.45,74.44,75.24,76.07,77,77.97,78.83,79.67,80.48,81.26,82,82.7,83.36,83.99,84.59,85.17,85.73,86.27,86.81
Caribbean,915,Subregion,1830,52.11,55.34,58.12,60.62,62.75,64.43,65.51,66.68,67.53,68.74,69.74,70.83,71.63,72.53,73.35,74.29,75.25,76.02,76.73,77.37,77.95,78.51,79.06,79.61,80.17,80.74,81.29,81.82,82.36,82.88
Antigua and Barbuda,28,Country/Area,915,57.37,60.45,63.3,65.24,66.36,67.67,69.33,70.88,72.11,73.34,74.5,75.46,76.14,76.82,77.47,78.12,78.76,79.4,80.03,80.67,81.31,81.94,82.57,83.18,83.78,84.36,84.91,85.44,85.94,86.44
Aruba,533,Country/Area,915,60.44,64.38,66.58,68.22,70.04,71.55,72.87,73.32,73.56,73.69,73.97,74.67,75.37,76.08,76.79,77.49,78.2,78.89,79.57,80.25,80.91,81.58,82.25,82.89,83.5,84.08,84.64,85.17,85.68,86.16
Bahamas,44,Country/Area,915,63.1,64.28,65.08,65.53,66.29,67.26,67.8,69.31,70.97,71.72,72,72.01,72.47,73.73,74.28,74.85,75.42,76,76.59,77.18,77.77,78.39,79,79.64,80.28,80.93,81.59,82.23,82.87,83.47
Barbados,52,Country/Area,915,55.6,62.15,66.07,68.05,69.22,71.13,73.19,74.28,75.17,76.56,77.63,78.11,78.6,79.02,79.64,80.34,81.11,81.8,82.49,83.15,83.79,84.39,84.95,85.48,85.97,86.48,86.98,87.48,87.99,88.49
Cuba,192,Country/Area,915,59.4,62.35,65.35,68.48,70.97,73.09,74.23,74.64,74.78,76.17,77.16,78.11,78.46,78.69,79.18,79.95,80.99,81.73,82.46,83.18,83.85,84.47,85.05,85.59,86.11,86.62,87.13,87.63,88.14,88.65
Curaçao,531,Country/Area,915,60.65,64.34,66.48,68.16,69.91,72.15,73.66,74.44,74.54,74.58,75,76.12,77.77,78.63,79.41,80.22,81.01,81.8,82.57,83.28,83.95,84.55,85.13,85.68,86.22,86.73,87.25,87.77,88.3,88.83
Dominican Republic,214,Country/Area,915,45.99,49.78,53.33,56.56,59.5,61.87,63.77,65.61,67.46,68.78,70.08,71.45,72.62,73.81,74.65,75.47,76.28,77.08,77.86,78.65,79.43,80.21,80.98,81.74,82.47,83.17,83.83,84.43,85,85.56
Grenada,308,Country/Area,915,58.57,61.07,63.26,64.93,66.24,67.47,68.21,68.85,70.49,72.11,72.96,73.08,72.6,72.39,72.59,73.19,74.2,74.81,75.43,76.06,76.69,77.33,77.96,78.61,79.25,79.91,80.56,81.23,81.88,82.54
Guadeloupe,312,Country/Area,915,53.34,57.19,60.52,63.64,66.2,68.64,70.82,72.8,74.59,76.27,77.85,79.39,80.56,81.84,82.74,83.5,84.22,84.9,85.56,86.21,86.83,87.44,88.02,88.57,89.1,89.61,90.12,90.65,91.21,91.75
Haiti,332,Country/Area,915,37.48,40.62,42.75,44.94,47.21,50.07,51.77,53.47,55.03,56.57,57.74,59.65,61.41,63.52,64.99,66.28,67.41,68.42,69.32,70.14,70.9,71.62,72.31,72.99,73.67,74.34,75.02,75.69,76.37,77.05
Jamaica,388,Country/Area,915,59.55,63.63,65.53,67.22,68.6,70.18,71.32,72.37,73.91,74.13,74.12,74.15,73.98,74.33,74.88,75.48,76.13,76.71,77.3,77.89,78.5,79.12,79.74,80.37,81.01,81.65,82.3,82.92,83.53,84.11
Martinique,474,Country/Area,915,55.57,58.88,61.86,64.65,67.26,69.7,71.88,73.86,75.68,77.37,78.94,80.11,81.2,82.27,83.13,83.88,84.6,85.29,85.94,86.6,87.23,87.84,88.42,88.98,89.51,90.03,90.56,91.09,91.66,92.23
Puerto Rico,630,Country/Area,915,63.53,67.91,69.13,70.75,72.35,73.54,73.92,74.59,73.85,74.89,76.79,77.94,79.14,79.85,80.69,81.53,82.32,83.01,83.64,84.22,84.79,85.34,85.88,86.41,86.93,87.45,87.98,88.5,89.04,89.57
Saint Lucia,662,Country/Area,915,50.43,54.57,58.82,62.44,64.71,67.2,68.93,70.39,71.71,72.87,73.71,74.51,75.2,75.99,76.67,77.33,77.99,78.63,79.28,79.91,80.57,81.21,81.86,82.5,83.13,83.73,84.31,84.86,85.39,85.87
Saint Vincent and the Grenadines,670,Country/Area,915,53.47,57.45,60.76,62.83,64.52,66.44,68.67,70.18,70.74,70.7,71.01,71.64,71.89,72.36,72.98,73.63,74.25,74.89,75.53,76.18,76.8,77.44,78.09,78.75,79.4,80.07,80.74,81.41,82.08,82.74
Trinidad and Tobago,780,Country/Area,915,58.05,60.94,63.22,64.35,65.04,66.12,66.91,67.75,68.38,68.9,70.05,71.34,72.48,73.31,73.91,74.53,75.16,75.79,76.43,77.08,77.73,78.39,79.07,79.74,80.42,81.12,81.81,82.48,83.13,83.76
United States Virgin Islands,850,Country/Area,915,62.9,65.5,66.83,68.3,69.79,71.15,72.3,73.6,74.82,76.08,77.09,77.82,79.41,80.32,81.17,82.02,82.85,83.61,84.29,84.92,85.53,86.11,86.66,87.2,87.74,88.26,88.79,89.31,89.86,90.41
Central America,916,Subregion,1830,49.11,53.23,56.44,58.59,61.01,63.55,65.89,68.3,70.52,72.23,74.01,74.4,74.59,74.91,75.5,76.36,77.52,78.33,79.14,79.94,80.72,81.49,82.25,82.97,83.64,84.28,84.87,85.44,85.98,86.5
Belize,84,Country/Area,916,55.92,58.64,61.35,64.26,66.72,68.66,70.35,71.46,70.57,68.59,69.58,70.69,73.4,74.37,75.09,75.83,76.55,77.28,78.01,78.73,79.46,80.18,80.92,81.63,82.34,83,83.65,84.25,84.82,85.37
Costa Rica,188,Country/Area,916,56,58.75,61.99,64.61,67.18,70.52,73.45,75.11,76.08,77.04,77.81,78.42,79.16,80,80.94,81.85,82.73,83.53,84.23,84.88,85.5,86.08,86.65,87.21,87.76,88.3,88.83,89.37,89.9,90.43
El Salvador,222,Country/Area,916,44.62,48.13,51.59,53.94,55.76,56.22,57.16,61.57,66.08,68.02,69.57,70.62,71.82,72.99,74.06,75.07,76.04,76.97,77.89,78.78,79.66,80.51,81.33,82.1,82.81,83.45,84.06,84.65,85.23,85.78
Guatemala,320,Country/Area,916,42.92,45.46,48.01,50.93,53.97,56.19,58.4,60.98,63.6,66.55,68.94,70.5,72.44,73.94,75.05,76.08,77.06,78,78.92,79.79,80.65,81.49,82.31,83.07,83.79,84.44,85.06,85.64,86.18,86.72
Honduras,340,Country/Area,916,41.79,44.59,48,51.05,54.09,57.71,61.59,65.45,67.73,69.88,71.36,72.66,73.94,74.99,75.87,76.73,77.56,78.37,79.16,79.93,80.7,81.46,82.21,82.94,83.62,84.26,84.84,85.41,85.93,86.44
Mexico,484,Country/Area,916,50.69,55.26,58.46,60.29,62.57,65.3,67.72,69.83,71.81,73.34,75.11,75.18,74.94,74.98,75.41,76.23,77.45,78.23,79.01,79.78,80.53,81.29,82.03,82.74,83.42,84.06,84.65,85.21,85.74,86.26
Nicaragua,558,Country/Area,916,42.31,45.42,48.6,51.84,55.06,57.4,59.4,62.38,66.1,68.35,70.53,71.73,73.1,74.15,75.23,76.25,77.22,78.16,79.07,79.95,80.81,81.65,82.45,83.2,83.87,84.51,85.11,85.7,86.26,86.8
Panama,591,Country/Area,916,56.81,59.51,62.15,64.36,66.74,69.22,70.99,72.37,73.54,74.6,75.49,76.31,77.29,78.24,79.1,79.96,80.81,81.64,82.45,83.19,83.87,84.49,85.08,85.66,86.22,86.78,87.33,87.86,88.41,88.94
South America,931,Subregion,1830,52.13,54.46,56.75,58.88,61.13,63.11,65.03,66.81,68.59,70.32,71.9,73.4,74.68,75.63,76.55,77.51,78.41,79.3,80.16,81,81.8,82.55,83.24,83.89,84.5,85.1,85.68,86.24,86.79,87.33
Argentina,32,Country/Area,931,62.57,64.58,65.3,65.83,67.27,68.71,70.2,71.05,72.16,73.12,74.02,74.87,75.68,76.45,77.17,77.91,78.65,79.39,80.13,80.87,81.61,82.32,83.01,83.64,84.26,84.83,85.4,85.95,86.49,87.02
Bolivia (Plurinational State of),68,Country/Area,931,39.64,41.04,42.67,44.54,46.67,49.07,51.71,54.59,57.66,60.89,63.94,66.62,69.26,71.08,72.35,73.47,74.46,75.39,76.26,77.09,77.89,78.67,79.43,80.17,80.91,81.64,82.34,83.01,83.62,84.19
Brazil,76,Country/Area,931,50.83,52.95,55.38,57.8,59.94,61.77,63.5,65.35,67.34,69.25,70.96,72.8,74.34,75.56,76.57,77.55,78.5,79.43,80.33,81.23,82.07,82.86,83.56,84.23,84.85,85.45,86.04,86.6,87.15,87.71
Chile,152,Country/Area,931,54.58,56.31,58.25,60.76,63.89,67.33,70.53,72.68,74.22,75.66,77.02,78.19,79.29,79.96,80.74,81.64,82.67,83.49,84.22,84.88,85.51,86.1,86.66,87.23,87.78,88.33,88.88,89.42,89.95,90.49
Colombia,170,Country/Area,931,51.83,55.74,58.55,60.94,63.35,65.67,68.03,69.39,70.19,72.13,73.65,74.83,75.99,77.02,77.87,78.72,79.55,80.38,81.19,81.98,82.77,83.49,84.16,84.78,85.36,85.92,86.46,87,87.54,88.07
Ecuador,218,Country/Area,931,48.59,51.52,54.39,56.91,59.51,62.09,64.96,67.69,69.98,71.87,73.53,74.59,75.59,76.7,77.71,78.68,79.62,80.53,81.42,82.27,83.08,83.82,84.5,85.13,85.71,86.27,86.82,87.37,87.91,88.45
French Guiana,254,Country/Area,931,53.32,56.14,59.53,64.37,65.73,66.54,69.2,71.06,72.75,74.24,76.29,78.04,79.31,79.73,80.53,81.45,82.46,83.26,83.98,84.65,85.28,85.89,86.48,87.06,87.62,88.18,88.72,89.27,89.81,90.35
Guyana,328,Country/Area,931,58.83,59.81,60.69,61.55,61.96,62.31,62.68,62.98,63.69,64.56,66,67.37,68.69,69.71,70.26,70.81,71.34,71.89,72.46,73.03,73.6,74.18,74.78,75.39,76.01,76.66,77.31,77.96,78.64,79.32
Paraguay,600,Country/Area,931,62.73,63.3,64.47,65.04,65.73,66.56,67.45,68.02,69.11,69.94,71.17,72.13,73.16,74.08,74.59,75.13,75.69,76.25,76.85,77.44,78.06,78.69,79.34,80,80.66,81.33,81.99,82.66,83.29,83.91
Peru,604,Country/Area,931,44.11,46.44,49.64,52.22,56.15,58.84,61.67,64.62,67.63,70.03,72.06,73.66,75.11,76.41,77.44,78.47,79.47,80.42,81.34,82.24,83.08,83.85,84.55,85.21,85.82,86.39,86.96,87.51,88.06,88.61
Suriname,740,Country/Area,931,55.98,58.68,60.51,62.12,63.63,64.77,66.32,67.15,67.62,67.82,68.06,69.82,70.93,71.49,72.13,72.77,73.41,74.06,74.72,75.38,76.06,76.72,77.42,78.1,78.8,79.49,80.2,80.9,81.61,82.3
Uruguay,858,Country/Area,931,66.11,67.11,68.34,68.55,68.77,69.59,70.98,72.12,73.03,74.23,75.23,76.38,77.05,77.7,78.43,79.17,79.92,80.67,81.43,82.16,82.83,83.46,84.06,84.64,85.21,85.76,86.31,86.85,87.39,87.94
Venezuela (Bolivarian Republic of),862,Country/Area,931,55.47,58.4,61.18,63.6,66.15,67.84,69.14,70.21,71.03,71.62,72.57,72.99,73.07,72.13,72.34,73.65,74.39,75.12,75.85,76.59,77.31,78.03,78.75,79.48,80.2,80.91,81.61,82.28,82.92,83.52
AUSTRALIA/NEW ZEALAND,927,SDG region,1828,69.45,70.47,70.93,70.92,71.76,73.41,74.85,75.88,77.46,78.63,80.12,81.28,82.19,83.01,83.75,84.39,85.03,85.62,86.21,86.79,87.36,87.92,88.49,89.06,89.63,90.19,90.74,91.31,91.87,92.43
Australia,36,Country/Area,927,69.39,70.43,70.88,70.84,71.76,73.59,75.09,76.19,77.69,78.84,80.34,81.48,82.36,83.2,83.94,84.55,85.18,85.77,86.35,86.93,87.49,88.06,88.63,89.2,89.77,90.33,90.89,91.46,92.02,92.57
New Zealand,554,Country/Area,927,69.77,70.69,71.18,71.27,71.78,72.63,73.77,74.45,76.35,77.57,79.07,80.32,81.32,82.06,82.8,83.55,84.25,84.88,85.47,86.05,86.61,87.15,87.71,88.25,88.81,89.36,89.9,90.46,91.01,91.57
OCEANIA (EXCLUDING AUSTRALIA AND NEW ZEALAND),1835,SDG region,1828,38.26,42.08,45.13,48.51,51.71,54.72,57.26,58.76,60.15,61.33,62.39,63.71,64.99,66.29,67.28,68.18,68.99,69.7,70.36,70.97,71.53,72.1,72.62,73.15,73.7,74.24,74.79,75.35,75.92,76.49
Melanesia,928,Subregion,1835,36.56,40.35,43.47,46.97,50.34,53.55,56.17,57.67,59.07,60.29,61.35,62.72,64.07,65.39,66.4,67.31,68.13,68.86,69.54,70.18,70.78,71.38,71.94,72.49,73.05,73.62,74.19,74.78,75.37,75.97
Fiji,242,Country/Area,928,55.47,59.58,61.54,62.48,62.51,63.47,64.51,65.39,65.24,65.22,66.19,66.38,66.95,67.27,67.91,68.63,69.45,70.1,70.73,71.35,71.95,72.55,73.15,73.76,74.39,75.02,75.66,76.33,77.01,77.68
New Caledonia,540,Country/Area,928,50.74,54.6,58.03,61.04,63.69,66.02,68.07,69.88,71.45,72.87,74.11,75.18,76.33,77.28,78.16,79.05,79.91,80.75,81.58,82.38,83.14,83.83,84.48,85.09,85.66,86.22,86.75,87.29,87.84,88.38
Papua New Guinea,598,Country/Area,928,34.05,37.46,40.44,44.07,47.74,51.16,54.03,55.63,57.32,58.74,59.8,61.32,62.73,64.15,65.22,66.16,66.98,67.72,68.41,69.05,69.66,70.27,70.82,71.38,71.93,72.48,73.02,73.59,74.15,74.73
Solomon Islands,90,Country/Area,928,41.94,46.07,50.16,54.14,58.14,61.33,63.21,64.06,64.79,66.49,68.38,69.89,71.43,72.77,73.38,74,74.64,75.26,75.88,76.52,77.16,77.8,78.45,79.11,79.78,80.45,81.14,81.82,82.49,83.15
Vanuatu,548,Country/Area,928,45.04,47.7,50.28,53.12,55.77,58.52,61.35,63.79,65.48,66.76,67.9,68.74,69.49,70.25,70.99,71.68,72.33,72.96,73.59,74.19,74.81,75.43,76.03,76.63,77.25,77.87,78.51,79.17,79.83,80.49
Micronesia,954,Subregion,1835,51.51,53.58,55.76,57.91,59.96,61.74,63.29,64.79,66.31,67.9,69.49,70.62,71.82,73.14,74.08,74.94,75.73,76.42,77.07,77.68,78.27,78.83,79.39,79.98,80.59,81.23,81.85,82.44,83.02,83.6
Guam,316,Country/Area,954,57.13,59.67,62.24,64.57,66.66,68.45,70,71.34,72.54,74.09,75.92,77.36,78.5,79.77,80.74,81.68,82.54,83.29,83.96,84.61,85.23,85.84,86.43,87.02,87.59,88.16,88.73,89.28,89.85,90.42
Kiribati,296,Country/Area,954,43.63,45.9,48.3,51.08,53.42,55.24,56.7,58.55,60.69,62.31,63.9,65.04,66.54,67.99,69.17,70.2,71.14,72.04,72.9,73.73,74.55,75.34,76.12,76.9,77.68,78.45,79.22,80,80.77,81.54
Micronesia (Fed. States of),583,Country/Area,954,51.3,53.42,55.62,57.8,59.85,61.7,62.76,63.29,63.89,64.23,64.98,66.02,66.89,67.7,68.27,68.82,69.37,69.88,70.39,70.87,71.34,71.82,72.3,72.81,73.32,73.86,74.4,74.97,75.56,76.14
Polynesia,957,Subregion,1835,53.31,56.68,58.52,60.3,62.11,63.82,66.13,67.52,68.64,69.81,71.16,72.56,73.67,74.73,75.54,76.33,77.1,77.84,78.56,79.26,79.93,80.56,81.15,81.71,82.23,82.73,83.25,83.78,84.33,84.86
French Polynesia,258,Country/Area,957,48.94,54.86,57.11,59.28,61.04,62.85,66.29,67.98,69.46,71.43,73.15,74.99,76.14,77.38,78.23,79.07,79.91,80.74,81.56,82.36,83.14,83.87,84.53,85.15,85.71,86.25,86.79,87.33,87.88,88.42
Samoa,882,Country/Area,957,54.47,56.17,57.61,59.11,60.78,62.58,64.48,65.77,66.76,67.86,69.67,71,72.25,73.11,73.75,74.38,75.03,75.68,76.32,76.99,77.66,78.33,79.02,79.72,80.42,81.11,81.8,82.49,83.16,83.79
Tonga,776,Country/Area,957,56.96,58.93,60.87,63.03,64.86,66.27,67.46,68.56,69.18,69.47,69.83,69.86,70.31,70.74,71.32,71.88,72.43,72.98,73.55,74.08,74.62,75.16,75.72,76.29,76.87,77.48,78.11,78.74,79.39,80.05
EUROPE AND NORTHERN AMERICA,1829,SDG region,1828,64.97,67.82,69.48,70.17,70.85,71.61,72.36,73.41,73.5,74.07,74.79,76.16,77.75,78.53,79.16,79.92,80.78,81.51,82.21,82.88,83.52,84.14,84.75,85.38,86,86.61,87.19,87.74,88.27,88.81
EUROPE,917,SDG subregion,1829,63.69,67.13,69.21,70.05,70.62,71.05,71.66,72.84,72.67,73.11,73.8,75.3,77.18,78.33,79.09,79.86,80.61,81.32,82.01,82.67,83.31,83.94,84.57,85.22,85.87,86.51,87.11,87.68,88.22,88.78
Eastern Europe,923,Subregion,917,60.36,65.52,68.4,69.04,69.16,68.75,68.64,69.8,68.3,67.84,67.91,69.52,72.19,73.75,74.47,75.2,75.92,76.64,77.35,78.06,78.76,79.46,80.16,80.86,81.55,82.22,82.84,83.44,84.02,84.58
Belarus,112,Country/Area,923,60.69,66.31,69.1,70.36,70.52,70.42,70.15,71.37,69.45,67.44,67.83,69.26,72.45,74.49,75.2,75.9,76.61,77.31,78.01,78.72,79.44,80.15,80.85,81.51,82.14,82.74,83.31,83.86,84.39,84.91
Bulgaria,100,Country/Area,923,62.32,66.77,70.27,70.9,71.07,71.1,71.24,71.4,71.12,70.97,72.2,73.14,74.25,74.85,75.49,76.14,76.79,77.43,78.1,78.76,79.43,80.11,80.78,81.45,82.11,82.73,83.32,83.89,84.42,84.93
Czechia,203,Country/Area,923,66.87,69.58,70.35,69.98,70.04,70.63,70.78,71.45,72.49,74.22,75.53,76.99,78.16,79.15,79.85,80.57,81.3,82.02,82.75,83.44,84.06,84.66,85.24,85.79,86.32,86.85,87.38,87.9,88.43,88.95
Hungary,348,Country/Area,923,64.01,66.91,68.79,69.45,69.4,69.59,69.08,69.43,69.41,70.88,72.53,73.74,75.25,76.63,77.31,78.01,78.71,79.42,80.12,80.84,81.56,82.27,82.93,83.55,84.15,84.72,85.27,85.81,86.34,86.85
Poland,616,Country/Area,923,61.44,65.89,68.31,69.79,70.29,70.36,70.7,70.73,71.15,72.72,74.6,75.56,77.15,78.46,79.27,80.09,80.9,81.7,82.42,83.09,83.71,84.31,84.9,85.47,86.03,86.59,87.14,87.67,88.21,88.75
Republic of Moldova,498,Country/Area,923,59.04,61.07,62.87,64.64,65.18,65.16,65.1,67.53,67.3,66.61,67.62,68.27,70.97,71.68,72.3,72.94,73.57,74.19,74.83,75.47,76.14,76.81,77.5,78.19,78.9,79.61,80.32,81.03,81.72,82.38
Romania,642,Country/Area,923,61.14,63.29,67.78,67.34,69.03,69.59,69.73,69.52,69.61,69.71,71.47,73.08,74.94,75.83,76.5,77.2,77.89,78.59,79.3,80.02,80.75,81.47,82.19,82.86,83.5,84.11,84.68,85.24,85.78,86.3
Russian Federation,643,Country/Area,923,58.52,64.8,67.88,68.48,68.31,67.57,67.47,69.13,66.58,65.7,64.95,67.14,70.27,72.29,72.99,73.69,74.4,75.12,75.85,76.58,77.31,78.06,78.8,79.54,80.28,81,81.67,82.31,82.92,83.5
Slovakia,703,Country/Area,923,64.43,68.65,70.63,70.32,70.07,70.48,70.63,70.96,71.6,72.74,73.82,74.77,76.23,77.31,78,78.71,79.43,80.16,80.89,81.6,82.3,82.97,83.59,84.17,84.74,85.28,85.82,86.34,86.85,87.36
Ukraine,804,Country/Area,923,61.82,67.1,69.69,70.67,70.58,69.67,69.17,70.55,68.72,67.35,67.46,67.89,70.91,71.82,72.5,73.19,73.86,74.54,75.22,75.91,76.61,77.31,78.01,78.74,79.45,80.18,80.88,81.55,82.19,82.79
Northern Europe,924,Subregion,917,68.87,70.49,71.17,71.86,72.36,73.04,74.05,74.92,75.66,76.66,77.93,79.16,80.47,81.02,81.73,82.49,83.29,83.99,84.63,85.24,85.81,86.37,86.91,87.47,88.02,88.55,89.08,89.62,90.14,90.67
Channel Islands,830,Country/Area,924,69.23,70.46,70.92,71.6,72.07,72.86,74.04,74.94,76.08,78.32,79.62,80.93,81.97,82.84,83.6,84.27,84.88,85.47,86.04,86.62,87.17,87.73,88.29,88.84,89.39,89.93,90.49,91.04,91.59,92.14
Denmark,208,Country/Area,924,71.06,72.07,72.4,72.93,73.63,74.24,74.44,74.75,75.23,76.14,77.34,78.58,80.14,80.68,81.4,82.13,82.87,83.59,84.25,84.85,85.42,85.98,86.5,87.04,87.57,88.1,88.63,89.16,89.7,90.22
Estonia,233,Country/Area,924,61.79,66.94,69.38,70.32,70.26,69.42,69.31,70.33,68.48,69.44,71.59,73.78,76.76,78.46,79.18,79.93,80.68,81.41,82.09,82.72,83.32,83.9,84.47,85.03,85.57,86.12,86.67,87.2,87.74,88.25
Finland,246,Country/Area,924,66.4,68.19,69.07,69.72,70.94,72.72,74.33,74.79,75.84,77.14,78.4,79.54,80.7,81.64,82.48,83.22,83.88,84.48,85.08,85.66,86.25,86.81,87.36,87.92,88.47,89.02,89.57,90.13,90.67,91.22
Iceland,352,Country/Area,924,72.24,73.22,73.51,73.65,74.2,76.33,76.85,77.61,78.53,79.1,80.69,81.39,82.19,82.77,83.52,84.24,84.87,85.47,86.03,86.58,87.12,87.66,88.2,88.73,89.26,89.78,90.31,90.84,91.36,91.9
Ireland,372,Country/Area,924,66.88,69.14,70.12,70.75,71.23,72,73.18,74.22,75.35,76.04,77.84,79.68,80.61,82.05,82.81,83.58,84.3,84.94,85.54,86.12,86.69,87.24,87.8,88.35,88.89,89.42,89.96,90.51,91.05,91.59
Latvia,428,Country/Area,924,62.4,67.58,70.09,70.48,69.98,68.91,69.07,70.41,67.66,68.7,70.75,71.55,74.13,75.05,75.73,76.43,77.12,77.82,78.52,79.23,79.95,80.65,81.33,81.97,82.57,83.15,83.71,84.25,84.77,85.28
Lithuania,440,Country/Area,924,60.83,66.87,69.88,71.29,71.19,70.67,70.53,71.57,69.73,70.27,71.64,71.87,73.99,75.65,76.41,77.21,78,78.77,79.54,80.29,80.99,81.63,82.24,82.82,83.39,83.94,84.48,85,85.52,86.03
Norway,578,Country/Area,924,72.8,73.48,73.47,73.91,74.43,75.3,76.01,76.28,77.29,78.29,79.33,80.6,81.61,82.18,82.94,83.67,84.32,84.92,85.48,86.05,86.6,87.15,87.69,88.22,88.77,89.31,89.85,90.37,90.9,91.44
Sweden,752,Country/Area,924,71.86,72.89,73.5,74.12,74.79,75.34,76.4,77.16,78.17,79.3,80.13,81.06,81.92,82.57,83.33,84.05,84.68,85.28,85.84,86.41,86.96,87.51,88.06,88.61,89.16,89.69,90.23,90.78,91.31,91.84
United Kingdom,826,Country/Area,924,69.41,70.61,71.04,71.71,72.21,73.01,74.19,75.14,76.24,77.17,78.41,79.69,80.87,81.15,81.77,82.51,83.34,84.05,84.68,85.26,85.81,86.35,86.87,87.41,87.94,88.46,88.98,89.51,90.03,90.55
Southern Europe,925,Subregion,917,63.75,66.26,68.24,69.79,71.31,72.74,74.08,75.31,76.22,77.48,78.75,80.03,81.16,82.07,82.8,83.49,84.15,84.79,85.42,86.04,86.63,87.2,87.76,88.31,88.86,89.42,90,90.58,91.15,91.72
Albania,8,Country/Area,925,55.26,59.31,64.85,66.24,67.69,69.7,70.61,71.98,71.69,73.03,74.82,75.64,77.49,78.38,78.96,79.68,80.51,81.2,81.89,82.59,83.27,83.91,84.51,85.08,85.61,86.11,86.63,87.14,87.66,88.18
Bosnia and Herzegovina,70,Country/Area,925,53.67,58.46,61.93,64.73,67.56,69.88,70.73,71.96,70.13,73.6,74.81,75.53,76.52,77.18,77.93,78.68,79.43,80.17,80.91,81.65,82.38,83.09,83.76,84.38,84.96,85.52,86.04,86.56,87.08,87.59
Croatia,191,Country/Area,925,61.27,63.64,65.73,67.48,69.06,69.92,70.6,71.89,72.81,74.57,74.94,76.1,77.45,78.25,79.02,79.81,80.6,81.39,82.15,82.89,83.56,84.18,84.78,85.36,85.92,86.46,87,87.53,88.08,88.61
Greece,300,Country/Area,925,65.75,67.17,69.25,70.13,71.83,72.85,74.52,75.66,77.38,78.08,79.12,80.01,81.08,81.98,82.8,83.56,84.2,84.82,85.39,85.97,86.53,87.1,87.66,88.22,88.78,89.33,89.89,90.46,91.01,91.56
Italy,380,Country/Area,925,66.52,68.44,69.69,70.94,72.22,73.55,74.88,76.38,77.47,78.8,80.29,81.51,82.36,83.28,84.01,84.65,85.26,85.87,86.45,87.03,87.59,88.18,88.72,89.29,89.84,90.39,90.93,91.5,92.05,92.6
Malta,470,Country/Area,925,65.82,68.77,69.8,70.78,71.91,72.73,73.7,76.03,77.6,78.6,79.47,80.29,81.45,82.29,83.06,83.81,84.47,85.09,85.67,86.24,86.81,87.36,87.92,88.48,89.03,89.58,90.13,90.67,91.23,91.77
Montenegro,499,Country/Area,925,59.77,62.11,65.6,68.35,71.27,72.53,73.63,74.23,74.73,73.39,73.39,74.19,76.08,76.65,77.39,78.12,78.83,79.54,80.25,80.92,81.61,82.27,82.93,83.55,84.12,84.67,85.18,85.69,86.17,86.63
North Macedonia,807,Country/Area,925,54.9,58.96,62.12,65.02,67.31,68.45,68.91,70.67,71.54,72.65,73.78,74.17,75.16,75.6,76.26,76.93,77.59,78.26,78.94,79.61,80.29,80.97,81.65,82.34,82.99,83.64,84.23,84.79,85.32,85.83
Portugal,620,Country/Area,925,60.32,62.36,64.45,66.36,68.33,70.41,72.53,74.04,74.9,76,77.59,79.28,80.62,81.75,82.65,83.41,84.07,84.7,85.33,85.92,86.51,87.08,87.65,88.21,88.77,89.33,89.89,90.45,91,91.57
Serbia,688,Country/Area,925,59.12,61.6,64.26,66.72,68.53,69.54,70.2,71.14,71.74,71.91,72.31,73.44,74.75,75.77,76.47,77.16,77.86,78.54,79.23,79.93,80.63,81.32,82.02,82.71,83.36,83.98,84.57,85.12,85.65,86.17
Slovenia,705,Country/Area,925,65.61,67.89,69.15,69.19,69.82,70.98,71.23,72.68,73.74,75.26,76.65,78.55,80.14,81.08,81.85,82.63,83.34,83.98,84.59,85.17,85.75,86.32,86.88,87.44,88.01,88.56,89.12,89.68,90.23,90.78
Spain,724,Country/Area,925,64.59,67.74,69.91,71.38,72.66,74.41,76.11,76.86,77.63,78.78,79.91,81.22,82.51,83.36,83.99,84.63,85.24,85.83,86.42,87,87.57,88.14,88.7,89.26,89.81,90.37,90.92,91.47,92.02,92.58
Western Europe,926,Subregion,917,67.81,69.4,70.51,71.15,71.85,73.03,74.24,75.55,76.58,77.78,78.99,80.23,81.09,81.72,82.46,83.21,83.93,84.57,85.16,85.75,86.33,86.9,87.45,88.01,88.56,89.12,89.68,90.24,90.79,91.35
Austria,40,Country/Area,926,66.54,68.02,69.66,70.14,70.8,72.14,73.28,75,76.15,77.53,78.92,80.13,80.99,81.35,82.05,82.85,83.67,84.32,84.92,85.52,86.08,86.65,87.2,87.76,88.3,88.85,89.4,89.95,90.49,91.03
Belgium,56,Country/Area,926,67.81,69.46,70.3,70.71,71.5,72.66,73.91,75.27,76.4,77.39,78.38,79.57,80.52,81.39,82.17,82.95,83.69,84.32,84.95,85.54,86.1,86.67,87.22,87.77,88.31,88.86,89.41,89.95,90.5,91.04
France,250,Country/Area,926,67.27,69.39,70.75,71.46,72.43,73.66,74.77,76.13,77.35,78.45,79.6,80.95,81.94,82.46,83.13,83.77,84.46,85.07,85.64,86.23,86.81,87.37,87.93,88.5,89.04,89.6,90.16,90.7,91.26,91.8
Germany,276,Country/Area,926,67.52,68.91,69.98,70.67,71.15,72.3,73.65,74.99,75.98,77.31,78.62,79.73,80.45,81.1,81.88,82.67,83.4,84.06,84.68,85.26,85.85,86.4,86.96,87.51,88.06,88.62,89.18,89.72,90.27,90.83
Luxembourg,442,Country/Area,926,65.98,67.54,69.12,69.78,70.25,71.44,72.88,74.5,75.77,76.99,78.32,79.51,81.15,82,82.79,83.55,84.22,84.85,85.45,86.03,86.62,87.19,87.76,88.33,88.9,89.46,90.01,90.58,91.12,91.67
Netherlands,528,Country/Area,926,71.93,72.94,73.46,73.64,74.11,75.17,76.14,76.72,77.26,77.84,78.67,80.18,81.31,82.06,82.78,83.51,84.2,84.81,85.39,85.95,86.48,87.03,87.57,88.1,88.63,89.17,89.69,90.23,90.76,91.28
Switzerland,756,Country/Area,926,69.34,70.71,71.59,72.58,73.71,75.19,76.09,77.23,77.93,79.23,80.49,81.78,82.69,83.56,84.25,84.86,85.46,86.04,86.62,87.19,87.76,88.33,88.89,89.45,90.01,90.56,91.11,91.66,92.21,92.76
NORTHERN AMERICA,918,SDG subregion,1829,68.71,69.7,70.2,70.51,71.56,73.35,74.51,75.07,75.85,76.68,77.42,78.44,79.23,79.15,79.5,80.23,81.32,82.04,82.75,83.44,84.08,84.68,85.25,85.81,86.34,86.86,87.37,87.89,88.41,88.92
Canada,124,Country/Area,918,69.05,70.32,71.35,72.15,73.01,74.31,75.86,76.83,77.75,78.58,79.69,80.76,81.79,82.22,82.96,83.72,84.42,85.04,85.63,86.2,86.75,87.3,87.84,88.39,88.92,89.46,90,90.53,91.06,91.6
United States of America,840,Country/Area,918,68.71,69.66,70.11,70.36,71.43,73.25,74.37,74.89,75.65,76.47,77.18,78.19,78.94,78.81,79.11,79.83,80.96,81.7,82.41,83.11,83.76,84.37,84.94,85.5,86.03,86.54,87.05,87.56,88.07,88.58
